Title,Date
"Olympo: This Is Not Olympic Level","3/9/26"
"Heartstopper: Season 1: Meet","3/9/26"
"Young Royals: Season 1: Episode 4","3/9/26"
"Young Royals: Season 3: Episode 1","3/8/26"
"Young Royals: Season 1: Episode 1","3/8/26"
"Young Royals: Season 3: Episode 6","3/8/26"
"Heartstopper: Season 3: Journey","3/8/26"
"Young Royals: Season 2: Episode 5","3/8/26"
"Young Royals: Season 3: Episode 2","3/7/26"
"Young Royals: Season 3: Episode 3","3/7/26"
"Young Royals: Season 3: Episode 4","3/7/26"
"Young Royals: Season 3: Episode 5","3/7/26"
"Squid Game: Season 1: A Fair World","3/7/26"
"Young Royals: Season 1: Episode 2","3/7/26"
"Young Royals Forever","3/7/26"
"Young Royals: Season 2: Episode 6","3/5/26"
"Young Royals: Season 2: Episode 4","3/5/26"
"Young Royals: Season 2: Episode 3","3/4/26"
"Young Royals: Season 2: Episode 2","3/4/26"
"Young Royals: Season 2: Episode 1","3/4/26"
"Young Royals: Season 1: Episode 6","3/4/26"
"Young Royals: Season 1: Episode 5","3/4/26"
"Young Royals: Season 1: Episode 3","3/3/26"
"Heartstopper: Season 3: Talk","2/27/26"
"Heartstopper: Season 3: Home","2/27/26"
"How To Get To Heaven From Belfast: The Wake","2/25/26"
"Heartstopper: Season 3: Love","2/25/26"
"Heartstopper: Season 2: Perfect","2/24/26"
"Heartstopper: Season 2: Sorry","2/23/26"
"Heartstopper: Season 2: Truth / Dare","2/23/26"
"Heartstopper: Season 2: Heat","2/22/26"
"Heartstopper: Season 2: Challenge","2/22/26"
"Heartstopper: Season 1: Kiss","2/22/26"
"Heartstopper: Season 2: Promise","2/22/26"
"Heartstopper: Season 2: Family","2/22/26"
"Heartstopper: Season 2: Out","2/22/26"
"Heartstopper: Season 1: Boyfriend","2/21/26"
"Heartstopper: Season 1: Bully","2/21/26"
"Heartstopper: Season 1: Girls","2/20/26"
"Heartstopper: Season 1: Friend","2/20/26"
"Heartstopper: Season 1: Secret","2/20/26"
"Heartstopper: Season 1: Crush","2/19/26"
"Hype House: A Hype House Divided","2/3/26"
"Sam & Cat: #SecretSafe","2/3/26"
"Sam & Cat: #MotorcycleMystery","2/3/26"
"Sam & Cat: #MagicATM","2/3/26"
"2 Broke Girls: Season 2: And the Temporary Distraction","2/2/26"
"ariana grande: excuse me, i love you","1/22/26"
"Squid Game: Season 1: Stick to the Team","1/20/26"
"Heartstopper: Season 3: Apart","1/19/26"
"Heartstopper: Season 3: Together","1/19/26"
"Heartstopper: Season 3: Body","1/18/26"
"Heartstopper: Season 3: Winter","1/18/26"
"Five Nights at Freddy's","1/15/26"
"Olivia Rodrigo: GUTS World Tour","1/15/26"
"Keeping Up with the Kardashians: Season 16: Episode 1","1/12/26"
"Superstore: Season 1: Pilot","1/12/26"
"One Last Adventure: The Making of Stranger Things 5","1/12/26"
"Outer Banks: Season 1: Pilot","1/12/26"
"Squid Game: Season 1: The Man with the Umbrella","1/4/26"
"Squid Game: Season 1: Hell","1/4/26"
"Oppenheimer","1/4/26"
"Simon Cowell: The Next Act: Where Have All The Boy Bands Gone?","1/4/26"
"Man Vs Baby: Chapter 3","1/4/26"
"Man Vs Baby: Chapter 2","1/4/26"
"Man Vs Baby: Chapter 1","1/4/26"
"The Diplomat: Season 1: The Cinderella Thing","1/3/26"
"Adolescence: Limited Series: Episode 1","1/3/26"
"Mr Bean's Holiday","1/3/26"
"With Love, Meghan: Season 2: A Sweet and Savory Adventure","1/3/26"
"Squid Game: Season 1: Red Light, Green Light","1/3/26"
